1,Connie,Leon,20
2,Danielle,Abbott,19
3,Josephine,Ray,33
4,Isla,Riley,45
5,Lara,Terry,26
6,Morgan,Parsons,32
7,Isobel,Navarro,33
8,Natasha,Powers,21
9,Alexandra,Pierce,29
10,Marie,Gregory,30
11,Aisha,Sims,29
12,Maryam,Frazier,28
13,Francesca,Knight,23
14,Nancy,Cohen,41
15,Scarlett,Estrada,22
16,Travis,Soto,25
17,Jimmy,Davidson,35
18,Leo,Fischer,34
19,Leon,Tran,41
20,Eric,French,44
21,Declan,Reid,34
22,Mohammad,Bloggs,32
23,Albert,Mendez,22
24,Grover,Grant,25
25,Homer,Warner,50
26,Martin,Le,32
27,Theo,Patel,27
28,Brandon,Becker,26
29,Marcus,Barton,26
30,Harvey,Wilkinson,25
31,Douglas,Paul,51
32,Vincent,Robbins,44
33,Peter,Addam,34
